command,assign_to_all_link_group,direct,Device Assign to ALL-Link Group  command.,Device Assign to ALL-Link Group  direct command.
command,assign_to_all_link_group,direct_ack,Device Assign to ALL-Link Group  command.,Device Assign to ALL-Link Group  direct_ack command.
command,assign_to_all_link_group,all_link_cleanup,Device Assign to ALL-Link Group  command.,Device Assign to ALL-Link Group  all_link_cleanup command.
command,assign_to_all_link_group,all_link_cleanup_ack,Device Assign to ALL-Link Group  command.,Device Assign to ALL-Link Group  all_link_cleanup_ack command.
command,assign_to_all_link_group,broadcast,Device Assign to ALL-Link Group  command.,Device Assign to ALL-Link Group  broadcast command.
command,assign_to_all_link_group,direct_nak,Device Assign to ALL-Link Group  command.,Device Assign to ALL-Link Group  direct_nak command.
command,assign_to_all_link_group,all_link_broadcast,Device Assign to ALL-Link Group  command.,Device Assign to ALL-Link Group  all_link_broadcast command.
command,assign_to_all_link_group,all_link_cleanup_nak,Device Assign to ALL-Link Group  command.,Device Assign to ALL-Link Group  all_link_cleanup_nak command.
command,delete_from_all_link_group,direct,Device Delete from ALL-Link Group  command.,Device Delete from ALL-Link Group  direct command.
command,delete_from_all_link_group,direct_ack,Device Delete from ALL-Link Group  command.,Device Delete from ALL-Link Group  direct_ack command.
command,delete_from_all_link_group,all_link_cleanup,Device Delete from ALL-Link Group  command.,Device Delete from ALL-Link Group  all_link_cleanup command.
command,delete_from_all_link_group,all_link_cleanup_ack,Device Delete from ALL-Link Group  command.,Device Delete from ALL-Link Group  all_link_cleanup_ack command.
command,delete_from_all_link_group,broadcast,Device Delete from ALL-Link Group  command.,Device Delete from ALL-Link Group  broadcast command.
command,delete_from_all_link_group,direct_nak,Device Delete from ALL-Link Group  command.,Device Delete from ALL-Link Group  direct_nak command.
command,delete_from_all_link_group,all_link_broadcast,Device Delete from ALL-Link Group  command.,Device Delete from ALL-Link Group  all_link_broadcast command.
command,delete_from_all_link_group,all_link_cleanup_nak,Device Delete from ALL-Link Group  command.,Device Delete from ALL-Link Group  all_link_cleanup_nak command.
command,device_text_string_request,direct,Device Device Text String Request  command.,Device Device Text String Request  direct command.
command,device_text_string_request,direct_ack,Device Device Text String Request  command.,Device Device Text String Request  direct_ack command.
command,device_text_string_request,all_link_cleanup,Device Device Text String Request  command.,Device Device Text String Request  all_link_cleanup command.
command,device_text_string_request,all_link_cleanup_ack,Device Device Text String Request  command.,Device Device Text String Request  all_link_cleanup_ack command.
command,device_text_string_request,broadcast,Device Device Text String Request  command.,Device Device Text String Request  broadcast command.
command,device_text_string_request,direct_nak,Device Device Text String Request  command.,Device Device Text String Request  direct_nak command.
command,device_text_string_request,all_link_broadcast,Device Device Text String Request  command.,Device Device Text String Request  all_link_broadcast command.
command,device_text_string_request,all_link_cleanup_nak,Device Device Text String Request  command.,Device Device Text String Request  all_link_cleanup_nak command.
command,fx_username,direct,Device FX Username  command.,Device FX Username  direct command.
command,fx_username,direct_ack,Device FX Username  command.,Device FX Username  direct_ack command.
command,fx_username,all_link_cleanup,Device FX Username  command.,Device FX Username  all_link_cleanup command.
command,fx_username,all_link_cleanup_ack,Device FX Username  command.,Device FX Username  all_link_cleanup_ack command.
command,fx_username,broadcast,Device FX Username  command.,Device FX Username  broadcast command.
command,fx_username,direct_nak,Device FX Username  command.,Device FX Username  direct_nak command.
command,fx_username,all_link_broadcast,Device FX Username  command.,Device FX Username  all_link_broadcast command.
command,fx_username,all_link_cleanup_nak,Device FX Username  command.,Device FX Username  all_link_cleanup_nak command.
command,product_data_request,direct,Device Product Data Request command.,Device Product Data Request direct command.
command,product_data_request,direct_ack,Device Product Data Request command.,Device Product Data Request direct_ack command.
command,product_data_request,all_link_cleanup,Device Product Data Request command.,Device Product Data Request all_link_cleanup command.
command,product_data_request,all_link_cleanup_ack,Device Product Data Request command.,Device Product Data Request all_link_cleanup_ack command.
command,product_data_request,broadcast,Device Product Data Request command.,Device Product Data Request broadcast command.
command,product_data_request,direct_nak,Device Product Data Request command.,Device Product Data Request direct_nak command.
command,product_data_request,all_link_broadcast,Device Product Data Request command.,Device Product Data Request all_link_broadcast command.
command,product_data_request,all_link_cleanup_nak,Device Product Data Request command.,Device Product Data Request all_link_cleanup_nak command.
command,set_all_link,direct,Device Set ALL-Link  command.,Device Set ALL-Link  direct command.
command,set_all_link,direct_ack,Device Set ALL-Link  command.,Device Set ALL-Link  direct_ack command.
command,set_all_link,all_link_cleanup,Device Set ALL-Link  command.,Device Set ALL-Link  all_link_cleanup command.
command,set_all_link,all_link_cleanup_ack,Device Set ALL-Link  command.,Device Set ALL-Link  all_link_cleanup_ack command.
command,set_all_link,broadcast,Device Set ALL-Link  command.,Device Set ALL-Link  broadcast command.
command,set_all_link,direct_nak,Device Set ALL-Link  command.,Device Set ALL-Link  direct_nak command.
command,set_all_link,all_link_broadcast,Device Set ALL-Link  command.,Device Set ALL-Link  all_link_broadcast command.
command,set_all_link,all_link_cleanup_nak,Device Set ALL-Link  command.,Device Set ALL-Link  all_link_cleanup_nak command.
command,set_all_link_command_alias,direct,Device Set ALL-Link Command Alias  command.,Device Set ALL-Link Command Alias  direct command.
command,set_all_link_command_alias,direct_ack,Device Set ALL-Link Command Alias  command.,Device Set ALL-Link Command Alias  direct_ack command.
command,set_all_link_command_alias,all_link_cleanup,Device Set ALL-Link Command Alias  command.,Device Set ALL-Link Command Alias  all_link_cleanup command.
command,set_all_link_command_alias,all_link_cleanup_ack,Device Set ALL-Link Command Alias  command.,Device Set ALL-Link Command Alias  all_link_cleanup_ack command.
command,set_all_link_command_alias,broadcast,Device Set ALL-Link Command Alias  command.,Device Set ALL-Link Command Alias  broadcast command.
command,set_all_link_command_alias,direct_nak,Device Set ALL-Link Command Alias  command.,Device Set ALL-Link Command Alias  direct_nak command.
command,set_all_link_command_alias,all_link_broadcast,Device Set ALL-Link Command Alias  command.,Device Set ALL-Link Command Alias  all_link_broadcast command.
command,set_all_link_command_alias,all_link_cleanup_nak,Device Set ALL-Link Command Alias  command.,Device Set ALL-Link Command Alias  all_link_cleanup_nak command.
command,set_device_text_string,direct,Device Set Device Text String  command.,Device Set Device Text String  direct command.
command,set_device_text_string,direct_ack,Device Set Device Text String  command.,Device Set Device Text String  direct_ack command.
command,set_device_text_string,all_link_cleanup,Device Set Device Text String  command.,Device Set Device Text String  all_link_cleanup command.
command,set_device_text_string,all_link_cleanup_ack,Device Set Device Text String  command.,Device Set Device Text String  all_link_cleanup_ack command.
command,set_device_text_string,broadcast,Device Set Device Text String  command.,Device Set Device Text String  broadcast command.
command,set_device_text_string,direct_nak,Device Set Device Text String  command.,Device Set Device Text String  direct_nak command.
command,set_device_text_string,all_link_broadcast,Device Set Device Text String  command.,Device Set Device Text String  all_link_broadcast command.
command,set_device_text_string,all_link_cleanup_nak,Device Set Device Text String  command.,Device Set Device Text String  all_link_cleanup_nak command.
command,enter_linking_mode,direct,Device Enter Linking Mode  command.,Device Enter Linking Mode  direct command.
command,enter_linking_mode,direct_ack,Device Enter Linking Mode  command.,Device Enter Linking Mode  direct_ack command.
command,enter_linking_mode,all_link_cleanup,Device Enter Linking Mode  command.,Device Enter Linking Mode  all_link_cleanup command.
command,enter_linking_mode,all_link_cleanup_ack,Device Enter Linking Mode  command.,Device Enter Linking Mode  all_link_cleanup_ack command.
command,enter_linking_mode,broadcast,Device Enter Linking Mode  command.,Device Enter Linking Mode  broadcast command.
command,enter_linking_mode,direct_nak,Device Enter Linking Mode  command.,Device Enter Linking Mode  direct_nak command.
command,enter_linking_mode,all_link_broadcast,Device Enter Linking Mode  command.,Device Enter Linking Mode  all_link_broadcast command.
command,enter_linking_mode,all_link_cleanup_nak,Device Enter Linking Mode  command.,Device Enter Linking Mode  all_link_cleanup_nak command.
command,enter_unlinking_mode,direct,Device Enter Unlinking Mode command.,Device Enter Unlinking Mode direct command.
command,enter_unlinking_mode,direct_ack,Device Enter Unlinking Mode command.,Device Enter Unlinking Mode direct_ack command.
command,enter_unlinking_mode,all_link_cleanup,Device Enter Unlinking Mode command.,Device Enter Unlinking Mode all_link_cleanup command.
command,enter_unlinking_mode,all_link_cleanup_ack,Device Enter Unlinking Mode command.,Device Enter Unlinking Mode all_link_cleanup_ack command.
command,enter_unlinking_mode,broadcast,Device Enter Unlinking Mode command.,Device Enter Unlinking Mode broadcast command.
command,enter_unlinking_mode,direct_nak,Device Enter Unlinking Mode command.,Device Enter Unlinking Mode direct_nak command.
command,enter_unlinking_mode,all_link_broadcast,Device Enter Unlinking Mode command.,Device Enter Unlinking Mode all_link_broadcast command.
command,enter_unlinking_mode,all_link_cleanup_nak,Device Enter Unlinking Mode command.,Device Enter Unlinking Mode all_link_cleanup_nak command.
command,get_insteon_engine_version,direct,Device Get INSTEON Engine Version  command.,Device Get INSTEON Engine Version  direct command.
command,get_insteon_engine_version,direct_ack,Device Get INSTEON Engine Version  command.,Device Get INSTEON Engine Version  direct_ack command.
command,get_insteon_engine_version,all_link_cleanup,Device Get INSTEON Engine Version  command.,Device Get INSTEON Engine Version  all_link_cleanup command.
command,get_insteon_engine_version,all_link_cleanup_ack,Device Get INSTEON Engine Version  command.,Device Get INSTEON Engine Version  all_link_cleanup_ack command.
command,get_insteon_engine_version,broadcast,Device Get INSTEON Engine Version  command.,Device Get INSTEON Engine Version  broadcast command.
command,get_insteon_engine_version,direct_nak,Device Get INSTEON Engine Version  command.,Device Get INSTEON Engine Version  direct_nak command.
command,get_insteon_engine_version,all_link_broadcast,Device Get INSTEON Engine Version  command.,Device Get INSTEON Engine Version  all_link_broadcast command.
command,get_insteon_engine_version,all_link_cleanup_nak,Device Get INSTEON Engine Version  command.,Device Get INSTEON Engine Version  all_link_cleanup_nak command.
command,ping,direct,Device Ping  command.,Device Ping  direct command.
command,ping,direct_ack,Device Ping  command.,Device Ping  direct_ack command.
command,ping,all_link_cleanup,Device Ping  command.,Device Ping  all_link_cleanup command.
command,ping,all_link_cleanup_ack,Device Ping  command.,Device Ping  all_link_cleanup_ack command.
command,ping,broadcast,Device Ping  command.,Device Ping  broadcast command.
command,ping,direct_nak,Device Ping  command.,Device Ping  direct_nak command.
command,ping,all_link_broadcast,Device Ping  command.,Device Ping  all_link_broadcast command.
command,ping,all_link_cleanup_nak,Device Ping  command.,Device Ping  all_link_cleanup_nak command.
command,id_request,direct,Device ID Request  command.,Device ID Request  direct command.
command,id_request,direct_ack,Device ID Request  command.,Device ID Request  direct_ack command.
command,id_request,all_link_cleanup,Device ID Request  command.,Device ID Request  all_link_cleanup command.
command,id_request,all_link_cleanup_ack,Device ID Request  command.,Device ID Request  all_link_cleanup_ack command.
command,id_request,broadcast,Device ID Request  command.,Device ID Request  broadcast command.
command,id_request,direct_nak,Device ID Request  command.,Device ID Request  direct_nak command.
command,id_request,all_link_broadcast,Device ID Request  command.,Device ID Request  all_link_broadcast command.
command,id_request,all_link_cleanup_nak,Device ID Request  command.,Device ID Request  all_link_cleanup_nak command.
command,on,direct,Device ON command.,Device ON direct command.
command,on,direct_ack,Device ON command.,Device ON direct_ack command.
command,on,all_link_cleanup,Device ON command.,Device ON all_link_cleanup command.
command,on,all_link_cleanup_ack,Device ON command.,Device ON all_link_cleanup_ack command.
command,on,broadcast,Device ON command.,Device ON broadcast command.
command,on,direct_nak,Device ON command.,Device ON direct_nak command.
command,on,all_link_broadcast,Device ON command.,Device ON all_link_broadcast command.
command,on,all_link_cleanup_nak,Device ON command.,Device ON all_link_cleanup_nak command.
command,on_fast,direct,Device On Fast command.,Device On Fast direct command.
command,on_fast,direct_ack,Device On Fast command.,Device On Fast direct_ack command.
command,on_fast,all_link_cleanup,Device On Fast command.,Device On Fast all_link_cleanup command.
command,on_fast,all_link_cleanup_ack,Device On Fast command.,Device On Fast all_link_cleanup_ack command.
command,on_fast,broadcast,Device On Fast command.,Device On Fast broadcast command.
command,on_fast,direct_nak,Device On Fast command.,Device On Fast direct_nak command.
command,on_fast,all_link_broadcast,Device On Fast command.,Device On Fast all_link_broadcast command.
command,on_fast,all_link_cleanup_nak,Device On Fast command.,Device On Fast all_link_cleanup_nak command.
command,off,direct,Device Off command.,Device Off direct command.
command,off,direct_ack,Device Off command.,Device Off direct_ack command.
command,off,all_link_cleanup,Device Off command.,Device Off all_link_cleanup command.
command,off,all_link_cleanup_ack,Device Off command.,Device Off all_link_cleanup_ack command.
command,off,broadcast,Device Off command.,Device Off broadcast command.
command,off,direct_nak,Device Off command.,Device Off direct_nak command.
command,off,all_link_broadcast,Device Off command.,Device Off all_link_broadcast command.
command,off,all_link_cleanup_nak,Device Off command.,Device Off all_link_cleanup_nak command.
command,off_fast,direct,Device Off Fast command.,Device Off Fast direct command.
command,off_fast,direct_ack,Device Off Fast command.,Device Off Fast direct_ack command.
command,off_fast,all_link_cleanup,Device Off Fast command.,Device Off Fast all_link_cleanup command.
command,off_fast,all_link_cleanup_ack,Device Off Fast command.,Device Off Fast all_link_cleanup_ack command.
command,off_fast,broadcast,Device Off Fast command.,Device Off Fast broadcast command.
command,off_fast,direct_nak,Device Off Fast command.,Device Off Fast direct_nak command.
command,off_fast,all_link_broadcast,Device Off Fast command.,Device Off Fast all_link_broadcast command.
command,off_fast,all_link_cleanup_nak,Device Off Fast command.,Device Off Fast all_link_cleanup_nak command.
command,brighten_one_step,direct,Device Brighten One Step   command.,Device Brighten One Step   direct command.
command,brighten_one_step,direct_ack,Device Brighten One Step   command.,Device Brighten One Step   direct_ack command.
command,brighten_one_step,all_link_cleanup,Device Brighten One Step   command.,Device Brighten One Step   all_link_cleanup command.
command,brighten_one_step,all_link_cleanup_ack,Device Brighten One Step   command.,Device Brighten One Step   all_link_cleanup_ack command.
command,brighten_one_step,broadcast,Device Brighten One Step   command.,Device Brighten One Step   broadcast command.
command,brighten_one_step,direct_nak,Device Brighten One Step   command.,Device Brighten One Step   direct_nak command.
command,brighten_one_step,all_link_broadcast,Device Brighten One Step   command.,Device Brighten One Step   all_link_broadcast command.
command,brighten_one_step,all_link_cleanup_nak,Device Brighten One Step   command.,Device Brighten One Step   all_link_cleanup_nak command.
command,dim_one_step,direct,Device Dim One Step  command.,Device Dim One Step  direct command.
command,dim_one_step,direct_ack,Device Dim One Step  command.,Device Dim One Step  direct_ack command.
command,dim_one_step,all_link_cleanup,Device Dim One Step  command.,Device Dim One Step  all_link_cleanup command.
command,dim_one_step,all_link_cleanup_ack,Device Dim One Step  command.,Device Dim One Step  all_link_cleanup_ack command.
command,dim_one_step,broadcast,Device Dim One Step  command.,Device Dim One Step  broadcast command.
command,dim_one_step,direct_nak,Device Dim One Step  command.,Device Dim One Step  direct_nak command.
command,dim_one_step,all_link_broadcast,Device Dim One Step  command.,Device Dim One Step  all_link_broadcast command.
command,dim_one_step,all_link_cleanup_nak,Device Dim One Step  command.,Device Dim One Step  all_link_cleanup_nak command.
command,start_manual_change,direct,Device Start Manual Change command.,Device Start Manual Change direct command.
command,start_manual_change,direct_ack,Device Start Manual Change command.,Device Start Manual Change direct_ack command.
command,start_manual_change,all_link_cleanup,Device Start Manual Change command.,Device Start Manual Change all_link_cleanup command.
command,start_manual_change,all_link_cleanup_ack,Device Start Manual Change command.,Device Start Manual Change all_link_cleanup_ack command.
command,start_manual_change,broadcast,Device Start Manual Change command.,Device Start Manual Change broadcast command.
command,start_manual_change,direct_nak,Device Start Manual Change command.,Device Start Manual Change direct_nak command.
command,start_manual_change,all_link_broadcast,Device Start Manual Change command.,Device Start Manual Change all_link_broadcast command.
command,start_manual_change,all_link_cleanup_nak,Device Start Manual Change command.,Device Start Manual Change all_link_cleanup_nak command.
command,stop_manual_change,direct,Device Stop Manual Change  command.,Device Stop Manual Change  direct command.
command,stop_manual_change,direct_ack,Device Stop Manual Change  command.,Device Stop Manual Change  direct_ack command.
command,stop_manual_change,all_link_cleanup,Device Stop Manual Change  command.,Device Stop Manual Change  all_link_cleanup command.
command,stop_manual_change,all_link_cleanup_ack,Device Stop Manual Change  command.,Device Stop Manual Change  all_link_cleanup_ack command.
command,stop_manual_change,broadcast,Device Stop Manual Change  command.,Device Stop Manual Change  broadcast command.
command,stop_manual_change,direct_nak,Device Stop Manual Change  command.,Device Stop Manual Change  direct_nak command.
command,stop_manual_change,all_link_broadcast,Device Stop Manual Change  command.,Device Stop Manual Change  all_link_broadcast command.
command,stop_manual_change,all_link_cleanup_nak,Device Stop Manual Change  command.,Device Stop Manual Change  all_link_cleanup_nak command.
command,status_request,direct,Device Status Request  command.,Device Status Request  direct command.
command,status_request,direct_ack,Device Status Request  command.,Device Status Request  direct_ack command.
command,status_request,all_link_cleanup,Device Status Request  command.,Device Status Request  all_link_cleanup command.
command,status_request,all_link_cleanup_ack,Device Status Request  command.,Device Status Request  all_link_cleanup_ack command.
command,status_request,broadcast,Device Status Request  command.,Device Status Request  broadcast command.
command,status_request,direct_nak,Device Status Request  command.,Device Status Request  direct_nak command.
command,status_request,all_link_broadcast,Device Status Request  command.,Device Status Request  all_link_broadcast command.
command,status_request,all_link_cleanup_nak,Device Status Request  command.,Device Status Request  all_link_cleanup_nak command.
command,get_operating_flags,direct,Device Get Operating Flags  command.,Device Get Operating Flags  direct command.
command,get_operating_flags,direct_ack,Device Get Operating Flags  command.,Device Get Operating Flags  direct_ack command.
command,get_operating_flags,all_link_cleanup,Device Get Operating Flags  command.,Device Get Operating Flags  all_link_cleanup command.
command,get_operating_flags,all_link_cleanup_ack,Device Get Operating Flags  command.,Device Get Operating Flags  all_link_cleanup_ack command.
command,get_operating_flags,broadcast,Device Get Operating Flags  command.,Device Get Operating Flags  broadcast command.
command,get_operating_flags,direct_nak,Device Get Operating Flags  command.,Device Get Operating Flags  direct_nak command.
command,get_operating_flags,all_link_broadcast,Device Get Operating Flags  command.,Device Get Operating Flags  all_link_broadcast command.
command,get_operating_flags,all_link_cleanup_nak,Device Get Operating Flags  command.,Device Get Operating Flags  all_link_cleanup_nak command.
command,set_operating_flags,direct,Device Set Operating Flags  command.,Device Set Operating Flags  direct command.
command,set_operating_flags,direct_ack,Device Set Operating Flags  command.,Device Set Operating Flags  direct_ack command.
command,set_operating_flags,all_link_cleanup,Device Set Operating Flags  command.,Device Set Operating Flags  all_link_cleanup command.
command,set_operating_flags,all_link_cleanup_ack,Device Set Operating Flags  command.,Device Set Operating Flags  all_link_cleanup_ack command.
command,set_operating_flags,broadcast,Device Set Operating Flags  command.,Device Set Operating Flags  broadcast command.
command,set_operating_flags,direct_nak,Device Set Operating Flags  command.,Device Set Operating Flags  direct_nak command.
command,set_operating_flags,all_link_broadcast,Device Set Operating Flags  command.,Device Set Operating Flags  all_link_broadcast command.
command,set_operating_flags,all_link_cleanup_nak,Device Set Operating Flags  command.,Device Set Operating Flags  all_link_cleanup_nak command.
command,light_instant_change,direct,Device Light Instant Change  command.,Device Light Instant Change  direct command.
command,light_instant_change,direct_ack,Device Light Instant Change  command.,Device Light Instant Change  direct_ack command.
command,light_instant_change,all_link_cleanup,Device Light Instant Change  command.,Device Light Instant Change  all_link_cleanup command.
command,light_instant_change,all_link_cleanup_ack,Device Light Instant Change  command.,Device Light Instant Change  all_link_cleanup_ack command.
command,light_instant_change,broadcast,Device Light Instant Change  command.,Device Light Instant Change  broadcast command.
command,light_instant_change,direct_nak,Device Light Instant Change  command.,Device Light Instant Change  direct_nak command.
command,light_instant_change,all_link_broadcast,Device Light Instant Change  command.,Device Light Instant Change  all_link_broadcast command.
command,light_instant_change,all_link_cleanup_nak,Device Light Instant Change  command.,Device Light Instant Change  all_link_cleanup_nak command.
command,light_manually_turned_off,direct,Device Light Manually Turned Off  command.,Device Light Manually Turned Off  direct command.
command,light_manually_turned_off,direct_ack,Device Light Manually Turned Off  command.,Device Light Manually Turned Off  direct_ack command.
command,light_manually_turned_off,all_link_cleanup,Device Light Manually Turned Off  command.,Device Light Manually Turned Off  all_link_cleanup command.
command,light_manually_turned_off,all_link_cleanup_ack,Device Light Manually Turned Off  command.,Device Light Manually Turned Off  all_link_cleanup_ack command.
command,light_manually_turned_off,broadcast,Device Light Manually Turned Off  command.,Device Light Manually Turned Off  broadcast command.
command,light_manually_turned_off,direct_nak,Device Light Manually Turned Off  command.,Device Light Manually Turned Off  direct_nak command.
command,light_manually_turned_off,all_link_broadcast,Device Light Manually Turned Off  command.,Device Light Manually Turned Off  all_link_broadcast command.
command,light_manually_turned_off,all_link_cleanup_nak,Device Light Manually Turned Off  command.,Device Light Manually Turned Off  all_link_cleanup_nak command.
command,reread_init_values,direct,Device Reread Init Values command.,Device Reread Init Values direct command.
command,reread_init_values,direct_ack,Device Reread Init Values command.,Device Reread Init Values direct_ack command.
command,reread_init_values,all_link_cleanup,Device Reread Init Values command.,Device Reread Init Values all_link_cleanup command.
command,reread_init_values,all_link_cleanup_ack,Device Reread Init Values command.,Device Reread Init Values all_link_cleanup_ack command.
command,reread_init_values,broadcast,Device Reread Init Values command.,Device Reread Init Values broadcast command.
command,reread_init_values,direct_nak,Device Reread Init Values command.,Device Reread Init Values direct_nak command.
command,reread_init_values,all_link_broadcast,Device Reread Init Values command.,Device Reread Init Values all_link_broadcast command.
command,reread_init_values,all_link_cleanup_nak,Device Reread Init Values command.,Device Reread Init Values all_link_cleanup_nak command.
command,remote_set_button_tap,direct,Device Remote SET Button Tap  command.,Device Remote SET Button Tap  direct command.
command,remote_set_button_tap,direct_ack,Device Remote SET Button Tap  command.,Device Remote SET Button Tap  direct_ack command.
command,remote_set_button_tap,all_link_cleanup,Device Remote SET Button Tap  command.,Device Remote SET Button Tap  all_link_cleanup command.
command,remote_set_button_tap,all_link_cleanup_ack,Device Remote SET Button Tap  command.,Device Remote SET Button Tap  all_link_cleanup_ack command.
command,remote_set_button_tap,broadcast,Device Remote SET Button Tap  command.,Device Remote SET Button Tap  broadcast command.
command,remote_set_button_tap,direct_nak,Device Remote SET Button Tap  command.,Device Remote SET Button Tap  direct_nak command.
command,remote_set_button_tap,all_link_broadcast,Device Remote SET Button Tap  command.,Device Remote SET Button Tap  all_link_broadcast command.
command,remote_set_button_tap,all_link_cleanup_nak,Device Remote SET Button Tap  command.,Device Remote SET Button Tap  all_link_cleanup_nak command.
command,light_set_status,direct,Device Light Set Status  command.,Device Light Set Status  direct command.
command,light_set_status,direct_ack,Device Light Set Status  command.,Device Light Set Status  direct_ack command.
command,light_set_status,all_link_cleanup,Device Light Set Status  command.,Device Light Set Status  all_link_cleanup command.
command,light_set_status,all_link_cleanup_ack,Device Light Set Status  command.,Device Light Set Status  all_link_cleanup_ack command.
command,light_set_status,broadcast,Device Light Set Status  command.,Device Light Set Status  broadcast command.
command,light_set_status,direct_nak,Device Light Set Status  command.,Device Light Set Status  direct_nak command.
command,light_set_status,all_link_broadcast,Device Light Set Status  command.,Device Light Set Status  all_link_broadcast command.
command,light_set_status,all_link_cleanup_nak,Device Light Set Status  command.,Device Light Set Status  all_link_cleanup_nak command.
command,set_address_msb,direct,Device Set Address MSB  command.,Device Set Address MSB  direct command.
command,set_address_msb,direct_ack,Device Set Address MSB  command.,Device Set Address MSB  direct_ack command.
command,set_address_msb,all_link_cleanup,Device Set Address MSB  command.,Device Set Address MSB  all_link_cleanup command.
command,set_address_msb,all_link_cleanup_ack,Device Set Address MSB  command.,Device Set Address MSB  all_link_cleanup_ack command.
command,set_address_msb,broadcast,Device Set Address MSB  command.,Device Set Address MSB  broadcast command.
command,set_address_msb,direct_nak,Device Set Address MSB  command.,Device Set Address MSB  direct_nak command.
command,set_address_msb,all_link_broadcast,Device Set Address MSB  command.,Device Set Address MSB  all_link_broadcast command.
command,set_address_msb,all_link_cleanup_nak,Device Set Address MSB  command.,Device Set Address MSB  all_link_cleanup_nak command.
command,poke_one_byte,direct,Device Poke One Byte  command.,Device Poke One Byte  direct command.
command,poke_one_byte,direct_ack,Device Poke One Byte  command.,Device Poke One Byte  direct_ack command.
command,poke_one_byte,all_link_cleanup,Device Poke One Byte  command.,Device Poke One Byte  all_link_cleanup command.
command,poke_one_byte,all_link_cleanup_ack,Device Poke One Byte  command.,Device Poke One Byte  all_link_cleanup_ack command.
command,poke_one_byte,broadcast,Device Poke One Byte  command.,Device Poke One Byte  broadcast command.
command,poke_one_byte,direct_nak,Device Poke One Byte  command.,Device Poke One Byte  direct_nak command.
command,poke_one_byte,all_link_broadcast,Device Poke One Byte  command.,Device Poke One Byte  all_link_broadcast command.
command,poke_one_byte,all_link_cleanup_nak,Device Poke One Byte  command.,Device Poke One Byte  all_link_cleanup_nak command.
command,block_data_transfer,direct,Device Block Data Transfer  command.,Device Block Data Transfer  direct command.
command,block_data_transfer,direct_ack,Device Block Data Transfer  command.,Device Block Data Transfer  direct_ack command.
command,block_data_transfer,all_link_cleanup,Device Block Data Transfer  command.,Device Block Data Transfer  all_link_cleanup command.
command,block_data_transfer,all_link_cleanup_ack,Device Block Data Transfer  command.,Device Block Data Transfer  all_link_cleanup_ack command.
command,block_data_transfer,broadcast,Device Block Data Transfer  command.,Device Block Data Transfer  broadcast command.
command,block_data_transfer,direct_nak,Device Block Data Transfer  command.,Device Block Data Transfer  direct_nak command.
command,block_data_transfer,all_link_broadcast,Device Block Data Transfer  command.,Device Block Data Transfer  all_link_broadcast command.
command,block_data_transfer,all_link_cleanup_nak,Device Block Data Transfer  command.,Device Block Data Transfer  all_link_cleanup_nak command.
command,peek_one_byte,direct,Device Peek One Byte  command.,Device Peek One Byte  direct command.
command,peek_one_byte,direct_ack,Device Peek One Byte  command.,Device Peek One Byte  direct_ack command.
command,peek_one_byte,all_link_cleanup,Device Peek One Byte  command.,Device Peek One Byte  all_link_cleanup command.
command,peek_one_byte,all_link_cleanup_ack,Device Peek One Byte  command.,Device Peek One Byte  all_link_cleanup_ack command.
command,peek_one_byte,broadcast,Device Peek One Byte  command.,Device Peek One Byte  broadcast command.
command,peek_one_byte,direct_nak,Device Peek One Byte  command.,Device Peek One Byte  direct_nak command.
command,peek_one_byte,all_link_broadcast,Device Peek One Byte  command.,Device Peek One Byte  all_link_broadcast command.
command,peek_one_byte,all_link_cleanup_nak,Device Peek One Byte  command.,Device Peek One Byte  all_link_cleanup_nak command.
command,peek_one_byte_internal,direct,Device Peek One Byte Internal command.,Device Peek One Byte Internal direct command.
command,peek_one_byte_internal,direct_ack,Device Peek One Byte Internal command.,Device Peek One Byte Internal direct_ack command.
command,peek_one_byte_internal,all_link_cleanup,Device Peek One Byte Internal command.,Device Peek One Byte Internal all_link_cleanup command.
command,peek_one_byte_internal,all_link_cleanup_ack,Device Peek One Byte Internal command.,Device Peek One Byte Internal all_link_cleanup_ack command.
command,peek_one_byte_internal,broadcast,Device Peek One Byte Internal command.,Device Peek One Byte Internal broadcast command.
command,peek_one_byte_internal,direct_nak,Device Peek One Byte Internal command.,Device Peek One Byte Internal direct_nak command.
command,peek_one_byte_internal,all_link_broadcast,Device Peek One Byte Internal command.,Device Peek One Byte Internal all_link_broadcast command.
command,peek_one_byte_internal,all_link_cleanup_nak,Device Peek One Byte Internal command.,Device Peek One Byte Internal all_link_cleanup_nak command.
command,poke_one_byte_internal,direct,Device Poke One Byte Internal command.,Device Poke One Byte Internal direct command.
command,poke_one_byte_internal,direct_ack,Device Poke One Byte Internal command.,Device Poke One Byte Internal direct_ack command.
command,poke_one_byte_internal,all_link_cleanup,Device Poke One Byte Internal command.,Device Poke One Byte Internal all_link_cleanup command.
command,poke_one_byte_internal,all_link_cleanup_ack,Device Poke One Byte Internal command.,Device Poke One Byte Internal all_link_cleanup_ack command.
command,poke_one_byte_internal,broadcast,Device Poke One Byte Internal command.,Device Poke One Byte Internal broadcast command.
command,poke_one_byte_internal,direct_nak,Device Poke One Byte Internal command.,Device Poke One Byte Internal direct_nak command.
command,poke_one_byte_internal,all_link_broadcast,Device Poke One Byte Internal command.,Device Poke One Byte Internal all_link_broadcast command.
command,poke_one_byte_internal,all_link_cleanup_nak,Device Poke One Byte Internal command.,Device Poke One Byte Internal all_link_cleanup_nak command.
command,extended_set/get,direct,Device Extended Set/Get  command.,Device Extended Set/Get  direct command.
command,extended_set/get,direct_ack,Device Extended Set/Get  command.,Device Extended Set/Get  direct_ack command.
command,extended_set/get,all_link_cleanup,Device Extended Set/Get  command.,Device Extended Set/Get  all_link_cleanup command.
command,extended_set/get,all_link_cleanup_ack,Device Extended Set/Get  command.,Device Extended Set/Get  all_link_cleanup_ack command.
command,extended_set/get,broadcast,Device Extended Set/Get  command.,Device Extended Set/Get  broadcast command.
command,extended_set/get,direct_nak,Device Extended Set/Get  command.,Device Extended Set/Get  direct_nak command.
command,extended_set/get,all_link_broadcast,Device Extended Set/Get  command.,Device Extended Set/Get  all_link_broadcast command.
command,extended_set/get,all_link_cleanup_nak,Device Extended Set/Get  command.,Device Extended Set/Get  all_link_cleanup_nak command.
command,light_on_at_ramp_rate,direct,Device Light ON at Ramp Rate  command.,Device Light ON at Ramp Rate  direct command.
command,light_on_at_ramp_rate,direct_ack,Device Light ON at Ramp Rate  command.,Device Light ON at Ramp Rate  direct_ack command.
command,light_on_at_ramp_rate,all_link_cleanup,Device Light ON at Ramp Rate  command.,Device Light ON at Ramp Rate  all_link_cleanup command.
command,light_on_at_ramp_rate,all_link_cleanup_ack,Device Light ON at Ramp Rate  command.,Device Light ON at Ramp Rate  all_link_cleanup_ack command.
command,light_on_at_ramp_rate,broadcast,Device Light ON at Ramp Rate  command.,Device Light ON at Ramp Rate  broadcast command.
command,light_on_at_ramp_rate,direct_nak,Device Light ON at Ramp Rate  command.,Device Light ON at Ramp Rate  direct_nak command.
command,light_on_at_ramp_rate,all_link_broadcast,Device Light ON at Ramp Rate  command.,Device Light ON at Ramp Rate  all_link_broadcast command.
command,light_on_at_ramp_rate,all_link_cleanup_nak,Device Light ON at Ramp Rate  command.,Device Light ON at Ramp Rate  all_link_cleanup_nak command.
command,light_off_at_ramp_rate,direct,Device Light OFF at Ramp Rate  command.,Device Light OFF at Ramp Rate  direct command.
command,light_off_at_ramp_rate,direct_ack,Device Light OFF at Ramp Rate  command.,Device Light OFF at Ramp Rate  direct_ack command.
command,light_off_at_ramp_rate,all_link_cleanup,Device Light OFF at Ramp Rate  command.,Device Light OFF at Ramp Rate  all_link_cleanup command.
command,light_off_at_ramp_rate,all_link_cleanup_ack,Device Light OFF at Ramp Rate  command.,Device Light OFF at Ramp Rate  all_link_cleanup_ack command.
command,light_off_at_ramp_rate,broadcast,Device Light OFF at Ramp Rate  command.,Device Light OFF at Ramp Rate  broadcast command.
command,light_off_at_ramp_rate,direct_nak,Device Light OFF at Ramp Rate  command.,Device Light OFF at Ramp Rate  direct_nak command.
command,light_off_at_ramp_rate,all_link_broadcast,Device Light OFF at Ramp Rate  command.,Device Light OFF at Ramp Rate  all_link_broadcast command.
command,light_off_at_ramp_rate,all_link_cleanup_nak,Device Light OFF at Ramp Rate  command.,Device Light OFF at Ramp Rate  all_link_cleanup_nak command.
command,read/write_all_link_database_(aldb),direct,Device Read/Write ALL-Link Database (ALDB) command.,Device Read/Write ALL-Link Database (ALDB) direct command.
command,read/write_all_link_database_(aldb),direct_ack,Device Read/Write ALL-Link Database (ALDB) command.,Device Read/Write ALL-Link Database (ALDB) direct_ack command.
command,read/write_all_link_database_(aldb),all_link_cleanup,Device Read/Write ALL-Link Database (ALDB) command.,Device Read/Write ALL-Link Database (ALDB) all_link_cleanup command.
command,read/write_all_link_database_(aldb),all_link_cleanup_ack,Device Read/Write ALL-Link Database (ALDB) command.,Device Read/Write ALL-Link Database (ALDB) all_link_cleanup_ack command.
command,read/write_all_link_database_(aldb),broadcast,Device Read/Write ALL-Link Database (ALDB) command.,Device Read/Write ALL-Link Database (ALDB) broadcast command.
command,read/write_all_link_database_(aldb),direct_nak,Device Read/Write ALL-Link Database (ALDB) command.,Device Read/Write ALL-Link Database (ALDB) direct_nak command.
command,read/write_all_link_database_(aldb),all_link_broadcast,Device Read/Write ALL-Link Database (ALDB) command.,Device Read/Write ALL-Link Database (ALDB) all_link_broadcast command.
command,read/write_all_link_database_(aldb),all_link_cleanup_nak,Device Read/Write ALL-Link Database (ALDB) command.,Device Read/Write ALL-Link Database (ALDB) all_link_cleanup_nak command.
command,trigger_all_link,direct,Device Trigger ALL-Link  command.,Device Trigger ALL-Link  direct command.
command,trigger_all_link,direct_ack,Device Trigger ALL-Link  command.,Device Trigger ALL-Link  direct_ack command.
command,trigger_all_link,all_link_cleanup,Device Trigger ALL-Link  command.,Device Trigger ALL-Link  all_link_cleanup command.
command,trigger_all_link,all_link_cleanup_ack,Device Trigger ALL-Link  command.,Device Trigger ALL-Link  all_link_cleanup_ack command.
command,trigger_all_link,broadcast,Device Trigger ALL-Link  command.,Device Trigger ALL-Link  broadcast command.
command,trigger_all_link,direct_nak,Device Trigger ALL-Link  command.,Device Trigger ALL-Link  direct_nak command.
command,trigger_all_link,all_link_broadcast,Device Trigger ALL-Link  command.,Device Trigger ALL-Link  all_link_broadcast command.
command,trigger_all_link,all_link_cleanup_nak,Device Trigger ALL-Link  command.,Device Trigger ALL-Link  all_link_cleanup_nak command.
command,set_sprinkler_program,direct,Device Set Sprinkler Program  command.,Device Set Sprinkler Program  direct command.
command,set_sprinkler_program,direct_ack,Device Set Sprinkler Program  command.,Device Set Sprinkler Program  direct_ack command.
command,set_sprinkler_program,all_link_cleanup,Device Set Sprinkler Program  command.,Device Set Sprinkler Program  all_link_cleanup command.
command,set_sprinkler_program,all_link_cleanup_ack,Device Set Sprinkler Program  command.,Device Set Sprinkler Program  all_link_cleanup_ack command.
command,set_sprinkler_program,broadcast,Device Set Sprinkler Program  command.,Device Set Sprinkler Program  broadcast command.
command,set_sprinkler_program,direct_nak,Device Set Sprinkler Program  command.,Device Set Sprinkler Program  direct_nak command.
command,set_sprinkler_program,all_link_broadcast,Device Set Sprinkler Program  command.,Device Set Sprinkler Program  all_link_broadcast command.
command,set_sprinkler_program,all_link_cleanup_nak,Device Set Sprinkler Program  command.,Device Set Sprinkler Program  all_link_cleanup_nak command.
command,sprinkler_valve_on,direct,Device Sprinkler Valve ON  command.,Device Sprinkler Valve ON  direct command.
command,sprinkler_valve_on,direct_ack,Device Sprinkler Valve ON  command.,Device Sprinkler Valve ON  direct_ack command.
command,sprinkler_valve_on,all_link_cleanup,Device Sprinkler Valve ON  command.,Device Sprinkler Valve ON  all_link_cleanup command.
command,sprinkler_valve_on,all_link_cleanup_ack,Device Sprinkler Valve ON  command.,Device Sprinkler Valve ON  all_link_cleanup_ack command.
command,sprinkler_valve_on,broadcast,Device Sprinkler Valve ON  command.,Device Sprinkler Valve ON  broadcast command.
command,sprinkler_valve_on,direct_nak,Device Sprinkler Valve ON  command.,Device Sprinkler Valve ON  direct_nak command.
command,sprinkler_valve_on,all_link_broadcast,Device Sprinkler Valve ON  command.,Device Sprinkler Valve ON  all_link_broadcast command.
command,sprinkler_valve_on,all_link_cleanup_nak,Device Sprinkler Valve ON  command.,Device Sprinkler Valve ON  all_link_cleanup_nak command.
command,sprinkler_get_program_response,direct,Device Sprinkler Get Program Response command.,Device Sprinkler Get Program Response direct command.
command,sprinkler_get_program_response,direct_ack,Device Sprinkler Get Program Response command.,Device Sprinkler Get Program Response direct_ack command.
command,sprinkler_get_program_response,all_link_cleanup,Device Sprinkler Get Program Response command.,Device Sprinkler Get Program Response all_link_cleanup command.
command,sprinkler_get_program_response,all_link_cleanup_ack,Device Sprinkler Get Program Response command.,Device Sprinkler Get Program Response all_link_cleanup_ack command.
command,sprinkler_get_program_response,broadcast,Device Sprinkler Get Program Response command.,Device Sprinkler Get Program Response broadcast command.
command,sprinkler_get_program_response,direct_nak,Device Sprinkler Get Program Response command.,Device Sprinkler Get Program Response direct_nak command.
command,sprinkler_get_program_response,all_link_broadcast,Device Sprinkler Get Program Response command.,Device Sprinkler Get Program Response all_link_broadcast command.
command,sprinkler_get_program_response,all_link_cleanup_nak,Device Sprinkler Get Program Response command.,Device Sprinkler Get Program Response all_link_cleanup_nak command.
command,sprinkler_valve_off,direct,Device Sprinkler Valve OFF  command.,Device Sprinkler Valve OFF  direct command.
command,sprinkler_valve_off,direct_ack,Device Sprinkler Valve OFF  command.,Device Sprinkler Valve OFF  direct_ack command.
command,sprinkler_valve_off,all_link_cleanup,Device Sprinkler Valve OFF  command.,Device Sprinkler Valve OFF  all_link_cleanup command.
command,sprinkler_valve_off,all_link_cleanup_ack,Device Sprinkler Valve OFF  command.,Device Sprinkler Valve OFF  all_link_cleanup_ack command.
command,sprinkler_valve_off,broadcast,Device Sprinkler Valve OFF  command.,Device Sprinkler Valve OFF  broadcast command.
command,sprinkler_valve_off,direct_nak,Device Sprinkler Valve OFF  command.,Device Sprinkler Valve OFF  direct_nak command.
command,sprinkler_valve_off,all_link_broadcast,Device Sprinkler Valve OFF  command.,Device Sprinkler Valve OFF  all_link_broadcast command.
command,sprinkler_valve_off,all_link_cleanup_nak,Device Sprinkler Valve OFF  command.,Device Sprinkler Valve OFF  all_link_cleanup_nak command.
command,sprinkler_program_on,direct,Device Sprinkler Program  On command.,Device Sprinkler Program  On direct command.
command,sprinkler_program_on,direct_ack,Device Sprinkler Program  On command.,Device Sprinkler Program  On direct_ack command.
command,sprinkler_program_on,all_link_cleanup,Device Sprinkler Program  On command.,Device Sprinkler Program  On all_link_cleanup command.
command,sprinkler_program_on,all_link_cleanup_ack,Device Sprinkler Program  On command.,Device Sprinkler Program  On all_link_cleanup_ack command.
command,sprinkler_program_on,broadcast,Device Sprinkler Program  On command.,Device Sprinkler Program  On broadcast command.
command,sprinkler_program_on,direct_nak,Device Sprinkler Program  On command.,Device Sprinkler Program  On direct_nak command.
command,sprinkler_program_on,all_link_broadcast,Device Sprinkler Program  On command.,Device Sprinkler Program  On all_link_broadcast command.
command,sprinkler_program_on,all_link_cleanup_nak,Device Sprinkler Program  On command.,Device Sprinkler Program  On all_link_cleanup_nak command.
command,sprinkler_program_off,direct,Device Sprinkler Program Off command.,Device Sprinkler Program Off direct command.
command,sprinkler_program_off,direct_ack,Device Sprinkler Program Off command.,Device Sprinkler Program Off direct_ack command.
command,sprinkler_program_off,all_link_cleanup,Device Sprinkler Program Off command.,Device Sprinkler Program Off all_link_cleanup command.
command,sprinkler_program_off,all_link_cleanup_ack,Device Sprinkler Program Off command.,Device Sprinkler Program Off all_link_cleanup_ack command.
command,sprinkler_program_off,broadcast,Device Sprinkler Program Off command.,Device Sprinkler Program Off broadcast command.
command,sprinkler_program_off,direct_nak,Device Sprinkler Program Off command.,Device Sprinkler Program Off direct_nak command.
command,sprinkler_program_off,all_link_broadcast,Device Sprinkler Program Off command.,Device Sprinkler Program Off all_link_broadcast command.
command,sprinkler_program_off,all_link_cleanup_nak,Device Sprinkler Program Off command.,Device Sprinkler Program Off all_link_cleanup_nak command.
command,sprinkler_control,direct,Device Sprinkler Control  command.,Device Sprinkler Control  direct command.
command,sprinkler_control,direct_ack,Device Sprinkler Control  command.,Device Sprinkler Control  direct_ack command.
command,sprinkler_control,all_link_cleanup,Device Sprinkler Control  command.,Device Sprinkler Control  all_link_cleanup command.
command,sprinkler_control,all_link_cleanup_ack,Device Sprinkler Control  command.,Device Sprinkler Control  all_link_cleanup_ack command.
command,sprinkler_control,broadcast,Device Sprinkler Control  command.,Device Sprinkler Control  broadcast command.
command,sprinkler_control,direct_nak,Device Sprinkler Control  command.,Device Sprinkler Control  direct_nak command.
command,sprinkler_control,all_link_broadcast,Device Sprinkler Control  command.,Device Sprinkler Control  all_link_broadcast command.
command,sprinkler_control,all_link_cleanup_nak,Device Sprinkler Control  command.,Device Sprinkler Control  all_link_cleanup_nak command.
command,flash_led,direct,Device Flash LED command.,Device Flash LED direct command.
command,flash_led,direct_ack,Device Flash LED command.,Device Flash LED direct_ack command.
command,flash_led,all_link_cleanup,Device Flash LED command.,Device Flash LED all_link_cleanup command.
command,flash_led,all_link_cleanup_ack,Device Flash LED command.,Device Flash LED all_link_cleanup_ack command.
command,flash_led,broadcast,Device Flash LED command.,Device Flash LED broadcast command.
command,flash_led,direct_nak,Device Flash LED command.,Device Flash LED direct_nak command.
command,flash_led,all_link_broadcast,Device Flash LED command.,Device Flash LED all_link_broadcast command.
command,flash_led,all_link_cleanup_nak,Device Flash LED command.,Device Flash LED all_link_cleanup_nak command.
command,i/o_output_on,direct,Device I/O Output On  command.,Device I/O Output On  direct command.
command,i/o_output_on,direct_ack,Device I/O Output On  command.,Device I/O Output On  direct_ack command.
command,i/o_output_on,all_link_cleanup,Device I/O Output On  command.,Device I/O Output On  all_link_cleanup command.
command,i/o_output_on,all_link_cleanup_ack,Device I/O Output On  command.,Device I/O Output On  all_link_cleanup_ack command.
command,i/o_output_on,broadcast,Device I/O Output On  command.,Device I/O Output On  broadcast command.
command,i/o_output_on,direct_nak,Device I/O Output On  command.,Device I/O Output On  direct_nak command.
command,i/o_output_on,all_link_broadcast,Device I/O Output On  command.,Device I/O Output On  all_link_broadcast command.
command,i/o_output_on,all_link_cleanup_nak,Device I/O Output On  command.,Device I/O Output On  all_link_cleanup_nak command.
command,sprinkler_get_program_request,direct,Device Sprinkler Get Program Request  command.,Device Sprinkler Get Program Request  direct command.
command,sprinkler_get_program_request,direct_ack,Device Sprinkler Get Program Request  command.,Device Sprinkler Get Program Request  direct_ack command.
command,sprinkler_get_program_request,all_link_cleanup,Device Sprinkler Get Program Request  command.,Device Sprinkler Get Program Request  all_link_cleanup command.
command,sprinkler_get_program_request,all_link_cleanup_ack,Device Sprinkler Get Program Request  command.,Device Sprinkler Get Program Request  all_link_cleanup_ack command.
command,sprinkler_get_program_request,broadcast,Device Sprinkler Get Program Request  command.,Device Sprinkler Get Program Request  broadcast command.
command,sprinkler_get_program_request,direct_nak,Device Sprinkler Get Program Request  command.,Device Sprinkler Get Program Request  direct_nak command.
command,sprinkler_get_program_request,all_link_broadcast,Device Sprinkler Get Program Request  command.,Device Sprinkler Get Program Request  all_link_broadcast command.
command,sprinkler_get_program_request,all_link_cleanup_nak,Device Sprinkler Get Program Request  command.,Device Sprinkler Get Program Request  all_link_cleanup_nak command.
command,i/o_output_off,direct,Device I/O Output Off  command.,Device I/O Output Off  direct command.
command,i/o_output_off,direct_ack,Device I/O Output Off  command.,Device I/O Output Off  direct_ack command.
command,i/o_output_off,all_link_cleanup,Device I/O Output Off  command.,Device I/O Output Off  all_link_cleanup command.
command,i/o_output_off,all_link_cleanup_ack,Device I/O Output Off  command.,Device I/O Output Off  all_link_cleanup_ack command.
command,i/o_output_off,broadcast,Device I/O Output Off  command.,Device I/O Output Off  broadcast command.
command,i/o_output_off,direct_nak,Device I/O Output Off  command.,Device I/O Output Off  direct_nak command.
command,i/o_output_off,all_link_broadcast,Device I/O Output Off  command.,Device I/O Output Off  all_link_broadcast command.
command,i/o_output_off,all_link_cleanup_nak,Device I/O Output Off  command.,Device I/O Output Off  all_link_cleanup_nak command.
command,i/o_alarm_data_request,direct,Device I/O Alarm Data Request  command.,Device I/O Alarm Data Request  direct command.
command,i/o_alarm_data_request,direct_ack,Device I/O Alarm Data Request  command.,Device I/O Alarm Data Request  direct_ack command.
command,i/o_alarm_data_request,all_link_cleanup,Device I/O Alarm Data Request  command.,Device I/O Alarm Data Request  all_link_cleanup command.
command,i/o_alarm_data_request,all_link_cleanup_ack,Device I/O Alarm Data Request  command.,Device I/O Alarm Data Request  all_link_cleanup_ack command.
command,i/o_alarm_data_request,broadcast,Device I/O Alarm Data Request  command.,Device I/O Alarm Data Request  broadcast command.
command,i/o_alarm_data_request,direct_nak,Device I/O Alarm Data Request  command.,Device I/O Alarm Data Request  direct_nak command.
command,i/o_alarm_data_request,all_link_broadcast,Device I/O Alarm Data Request  command.,Device I/O Alarm Data Request  all_link_broadcast command.
command,i/o_alarm_data_request,all_link_cleanup_nak,Device I/O Alarm Data Request  command.,Device I/O Alarm Data Request  all_link_cleanup_nak command.
command,i/o_write_output_port,direct,Device I/O Write Output Port  command.,Device I/O Write Output Port  direct command.
command,i/o_write_output_port,direct_ack,Device I/O Write Output Port  command.,Device I/O Write Output Port  direct_ack command.
command,i/o_write_output_port,all_link_cleanup,Device I/O Write Output Port  command.,Device I/O Write Output Port  all_link_cleanup command.
command,i/o_write_output_port,all_link_cleanup_ack,Device I/O Write Output Port  command.,Device I/O Write Output Port  all_link_cleanup_ack command.
command,i/o_write_output_port,broadcast,Device I/O Write Output Port  command.,Device I/O Write Output Port  broadcast command.
command,i/o_write_output_port,direct_nak,Device I/O Write Output Port  command.,Device I/O Write Output Port  direct_nak command.
command,i/o_write_output_port,all_link_broadcast,Device I/O Write Output Port  command.,Device I/O Write Output Port  all_link_broadcast command.
command,i/o_write_output_port,all_link_cleanup_nak,Device I/O Write Output Port  command.,Device I/O Write Output Port  all_link_cleanup_nak command.
command,i/o_read_input_port,direct,Device I/O Read Input Port  command.,Device I/O Read Input Port  direct command.
command,i/o_read_input_port,direct_ack,Device I/O Read Input Port  command.,Device I/O Read Input Port  direct_ack command.
command,i/o_read_input_port,all_link_cleanup,Device I/O Read Input Port  command.,Device I/O Read Input Port  all_link_cleanup command.
command,i/o_read_input_port,all_link_cleanup_ack,Device I/O Read Input Port  command.,Device I/O Read Input Port  all_link_cleanup_ack command.
command,i/o_read_input_port,broadcast,Device I/O Read Input Port  command.,Device I/O Read Input Port  broadcast command.
command,i/o_read_input_port,direct_nak,Device I/O Read Input Port  command.,Device I/O Read Input Port  direct_nak command.
command,i/o_read_input_port,all_link_broadcast,Device I/O Read Input Port  command.,Device I/O Read Input Port  all_link_broadcast command.
command,i/o_read_input_port,all_link_cleanup_nak,Device I/O Read Input Port  command.,Device I/O Read Input Port  all_link_cleanup_nak command.
command,i/o_get_sensor_value,direct,Device I/O Get Sensor Value  command.,Device I/O Get Sensor Value  direct command.
command,i/o_get_sensor_value,direct_ack,Device I/O Get Sensor Value  command.,Device I/O Get Sensor Value  direct_ack command.
command,i/o_get_sensor_value,all_link_cleanup,Device I/O Get Sensor Value  command.,Device I/O Get Sensor Value  all_link_cleanup command.
command,i/o_get_sensor_value,all_link_cleanup_ack,Device I/O Get Sensor Value  command.,Device I/O Get Sensor Value  all_link_cleanup_ack command.
command,i/o_get_sensor_value,broadcast,Device I/O Get Sensor Value  command.,Device I/O Get Sensor Value  broadcast command.
command,i/o_get_sensor_value,direct_nak,Device I/O Get Sensor Value  command.,Device I/O Get Sensor Value  direct_nak command.
command,i/o_get_sensor_value,all_link_broadcast,Device I/O Get Sensor Value  command.,Device I/O Get Sensor Value  all_link_broadcast command.
command,i/o_get_sensor_value,all_link_cleanup_nak,Device I/O Get Sensor Value  command.,Device I/O Get Sensor Value  all_link_cleanup_nak command.
command,i/o_set_sensor_1_nominal_value,direct,Device I/O Set Sensor 1 Nominal Value  command.,Device I/O Set Sensor 1 Nominal Value  direct command.
command,i/o_set_sensor_1_nominal_value,direct_ack,Device I/O Set Sensor 1 Nominal Value  command.,Device I/O Set Sensor 1 Nominal Value  direct_ack command.
command,i/o_set_sensor_1_nominal_value,all_link_cleanup,Device I/O Set Sensor 1 Nominal Value  command.,Device I/O Set Sensor 1 Nominal Value  all_link_cleanup command.
command,i/o_set_sensor_1_nominal_value,all_link_cleanup_ack,Device I/O Set Sensor 1 Nominal Value  command.,Device I/O Set Sensor 1 Nominal Value  all_link_cleanup_ack command.
command,i/o_set_sensor_1_nominal_value,broadcast,Device I/O Set Sensor 1 Nominal Value  command.,Device I/O Set Sensor 1 Nominal Value  broadcast command.
command,i/o_set_sensor_1_nominal_value,direct_nak,Device I/O Set Sensor 1 Nominal Value  command.,Device I/O Set Sensor 1 Nominal Value  direct_nak command.
command,i/o_set_sensor_1_nominal_value,all_link_broadcast,Device I/O Set Sensor 1 Nominal Value  command.,Device I/O Set Sensor 1 Nominal Value  all_link_broadcast command.
command,i/o_set_sensor_1_nominal_value,all_link_cleanup_nak,Device I/O Set Sensor 1 Nominal Value  command.,Device I/O Set Sensor 1 Nominal Value  all_link_cleanup_nak command.
command,i/o_set_sensor_nominal,direct,Device I/O Set Sensor Nominal  command.,Device I/O Set Sensor Nominal  direct command.
command,i/o_set_sensor_nominal,direct_ack,Device I/O Set Sensor Nominal  command.,Device I/O Set Sensor Nominal  direct_ack command.
command,i/o_set_sensor_nominal,all_link_cleanup,Device I/O Set Sensor Nominal  command.,Device I/O Set Sensor Nominal  all_link_cleanup command.
command,i/o_set_sensor_nominal,all_link_cleanup_ack,Device I/O Set Sensor Nominal  command.,Device I/O Set Sensor Nominal  all_link_cleanup_ack command.
command,i/o_set_sensor_nominal,broadcast,Device I/O Set Sensor Nominal  command.,Device I/O Set Sensor Nominal  broadcast command.
command,i/o_set_sensor_nominal,direct_nak,Device I/O Set Sensor Nominal  command.,Device I/O Set Sensor Nominal  direct_nak command.
command,i/o_set_sensor_nominal,all_link_broadcast,Device I/O Set Sensor Nominal  command.,Device I/O Set Sensor Nominal  all_link_broadcast command.
command,i/o_set_sensor_nominal,all_link_cleanup_nak,Device I/O Set Sensor Nominal  command.,Device I/O Set Sensor Nominal  all_link_cleanup_nak command.
command,fan_status_report,direct,Device Fan Status Report  command.,Device Fan Status Report  direct command.
command,fan_status_report,direct_ack,Device Fan Status Report  command.,Device Fan Status Report  direct_ack command.
command,fan_status_report,all_link_cleanup,Device Fan Status Report  command.,Device Fan Status Report  all_link_cleanup command.
command,fan_status_report,all_link_cleanup_ack,Device Fan Status Report  command.,Device Fan Status Report  all_link_cleanup_ack command.
command,fan_status_report,broadcast,Device Fan Status Report  command.,Device Fan Status Report  broadcast command.
command,fan_status_report,direct_nak,Device Fan Status Report  command.,Device Fan Status Report  direct_nak command.
command,fan_status_report,all_link_broadcast,Device Fan Status Report  command.,Device Fan Status Report  all_link_broadcast command.
command,fan_status_report,all_link_cleanup_nak,Device Fan Status Report  command.,Device Fan Status Report  all_link_cleanup_nak command.
command,i/o_alarm_data_response,direct,Device I/O Alarm Data Response command.,Device I/O Alarm Data Response direct command.
command,i/o_alarm_data_response,direct_ack,Device I/O Alarm Data Response command.,Device I/O Alarm Data Response direct_ack command.
command,i/o_alarm_data_response,all_link_cleanup,Device I/O Alarm Data Response command.,Device I/O Alarm Data Response all_link_cleanup command.
command,i/o_alarm_data_response,all_link_cleanup_ack,Device I/O Alarm Data Response command.,Device I/O Alarm Data Response all_link_cleanup_ack command.
command,i/o_alarm_data_response,broadcast,Device I/O Alarm Data Response command.,Device I/O Alarm Data Response broadcast command.
command,i/o_alarm_data_response,direct_nak,Device I/O Alarm Data Response command.,Device I/O Alarm Data Response direct_nak command.
command,i/o_alarm_data_response,all_link_broadcast,Device I/O Alarm Data Response command.,Device I/O Alarm Data Response all_link_broadcast command.
command,i/o_alarm_data_response,all_link_cleanup_nak,Device I/O Alarm Data Response command.,Device I/O Alarm Data Response all_link_cleanup_nak command.
command,i/o_get_sensor_alarm_delta,direct,Device I/O Get Sensor Alarm Delta  command.,Device I/O Get Sensor Alarm Delta  direct command.
command,i/o_get_sensor_alarm_delta,direct_ack,Device I/O Get Sensor Alarm Delta  command.,Device I/O Get Sensor Alarm Delta  direct_ack command.
command,i/o_get_sensor_alarm_delta,all_link_cleanup,Device I/O Get Sensor Alarm Delta  command.,Device I/O Get Sensor Alarm Delta  all_link_cleanup command.
command,i/o_get_sensor_alarm_delta,all_link_cleanup_ack,Device I/O Get Sensor Alarm Delta  command.,Device I/O Get Sensor Alarm Delta  all_link_cleanup_ack command.
command,i/o_get_sensor_alarm_delta,broadcast,Device I/O Get Sensor Alarm Delta  command.,Device I/O Get Sensor Alarm Delta  broadcast command.
command,i/o_get_sensor_alarm_delta,direct_nak,Device I/O Get Sensor Alarm Delta  command.,Device I/O Get Sensor Alarm Delta  direct_nak command.
command,i/o_get_sensor_alarm_delta,all_link_broadcast,Device I/O Get Sensor Alarm Delta  command.,Device I/O Get Sensor Alarm Delta  all_link_broadcast command.
command,i/o_get_sensor_alarm_delta,all_link_cleanup_nak,Device I/O Get Sensor Alarm Delta  command.,Device I/O Get Sensor Alarm Delta  all_link_cleanup_nak command.
command,i/o_write_configuration_port,direct,Device I/O Write Configuration Port  command.,Device I/O Write Configuration Port  direct command.
command,i/o_write_configuration_port,direct_ack,Device I/O Write Configuration Port  command.,Device I/O Write Configuration Port  direct_ack command.
command,i/o_write_configuration_port,all_link_cleanup,Device I/O Write Configuration Port  command.,Device I/O Write Configuration Port  all_link_cleanup command.
command,i/o_write_configuration_port,all_link_cleanup_ack,Device I/O Write Configuration Port  command.,Device I/O Write Configuration Port  all_link_cleanup_ack command.
command,i/o_write_configuration_port,broadcast,Device I/O Write Configuration Port  command.,Device I/O Write Configuration Port  broadcast command.
command,i/o_write_configuration_port,direct_nak,Device I/O Write Configuration Port  command.,Device I/O Write Configuration Port  direct_nak command.
command,i/o_write_configuration_port,all_link_broadcast,Device I/O Write Configuration Port  command.,Device I/O Write Configuration Port  all_link_broadcast command.
command,i/o_write_configuration_port,all_link_cleanup_nak,Device I/O Write Configuration Port  command.,Device I/O Write Configuration Port  all_link_cleanup_nak command.
command,i/o_read_configuration_port,direct,Device I/O Read Configuration Port  command.,Device I/O Read Configuration Port  direct command.
command,i/o_read_configuration_port,direct_ack,Device I/O Read Configuration Port  command.,Device I/O Read Configuration Port  direct_ack command.
command,i/o_read_configuration_port,all_link_cleanup,Device I/O Read Configuration Port  command.,Device I/O Read Configuration Port  all_link_cleanup command.
command,i/o_read_configuration_port,all_link_cleanup_ack,Device I/O Read Configuration Port  command.,Device I/O Read Configuration Port  all_link_cleanup_ack command.
command,i/o_read_configuration_port,broadcast,Device I/O Read Configuration Port  command.,Device I/O Read Configuration Port  broadcast command.
command,i/o_read_configuration_port,direct_nak,Device I/O Read Configuration Port  command.,Device I/O Read Configuration Port  direct_nak command.
command,i/o_read_configuration_port,all_link_broadcast,Device I/O Read Configuration Port  command.,Device I/O Read Configuration Port  all_link_broadcast command.
command,i/o_read_configuration_port,all_link_cleanup_nak,Device I/O Read Configuration Port  command.,Device I/O Read Configuration Port  all_link_cleanup_nak command.
command,i/o_module_control,direct,Device I/O Module Control  command.,Device I/O Module Control  direct command.
command,i/o_module_control,direct_ack,Device I/O Module Control  command.,Device I/O Module Control  direct_ack command.
command,i/o_module_control,all_link_cleanup,Device I/O Module Control  command.,Device I/O Module Control  all_link_cleanup command.
command,i/o_module_control,all_link_cleanup_ack,Device I/O Module Control  command.,Device I/O Module Control  all_link_cleanup_ack command.
command,i/o_module_control,broadcast,Device I/O Module Control  command.,Device I/O Module Control  broadcast command.
command,i/o_module_control,direct_nak,Device I/O Module Control  command.,Device I/O Module Control  direct_nak command.
command,i/o_module_control,all_link_broadcast,Device I/O Module Control  command.,Device I/O Module Control  all_link_broadcast command.
command,i/o_module_control,all_link_cleanup_nak,Device I/O Module Control  command.,Device I/O Module Control  all_link_cleanup_nak command.
command,pool_device_on,direct,Device Pool Device ON  command.,Device Pool Device ON  direct command.
command,pool_device_on,direct_ack,Device Pool Device ON  command.,Device Pool Device ON  direct_ack command.
command,pool_device_on,all_link_cleanup,Device Pool Device ON  command.,Device Pool Device ON  all_link_cleanup command.
command,pool_device_on,all_link_cleanup_ack,Device Pool Device ON  command.,Device Pool Device ON  all_link_cleanup_ack command.
command,pool_device_on,broadcast,Device Pool Device ON  command.,Device Pool Device ON  broadcast command.
command,pool_device_on,direct_nak,Device Pool Device ON  command.,Device Pool Device ON  direct_nak command.
command,pool_device_on,all_link_broadcast,Device Pool Device ON  command.,Device Pool Device ON  all_link_broadcast command.
command,pool_device_on,all_link_cleanup_nak,Device Pool Device ON  command.,Device Pool Device ON  all_link_cleanup_nak command.
command,pool_set_device_hysteresis,direct,Device Pool Set Device Hysteresis  command.,Device Pool Set Device Hysteresis  direct command.
command,pool_set_device_hysteresis,direct_ack,Device Pool Set Device Hysteresis  command.,Device Pool Set Device Hysteresis  direct_ack command.
command,pool_set_device_hysteresis,all_link_cleanup,Device Pool Set Device Hysteresis  command.,Device Pool Set Device Hysteresis  all_link_cleanup command.
command,pool_set_device_hysteresis,all_link_cleanup_ack,Device Pool Set Device Hysteresis  command.,Device Pool Set Device Hysteresis  all_link_cleanup_ack command.
command,pool_set_device_hysteresis,broadcast,Device Pool Set Device Hysteresis  command.,Device Pool Set Device Hysteresis  broadcast command.
command,pool_set_device_hysteresis,direct_nak,Device Pool Set Device Hysteresis  command.,Device Pool Set Device Hysteresis  direct_nak command.
command,pool_set_device_hysteresis,all_link_broadcast,Device Pool Set Device Hysteresis  command.,Device Pool Set Device Hysteresis  all_link_broadcast command.
command,pool_set_device_hysteresis,all_link_cleanup_nak,Device Pool Set Device Hysteresis  command.,Device Pool Set Device Hysteresis  all_link_cleanup_nak command.
command,pool_set_device_temperature,direct,Device Pool Set Device Temperature  command.,Device Pool Set Device Temperature  direct command.
command,pool_set_device_temperature,direct_ack,Device Pool Set Device Temperature  command.,Device Pool Set Device Temperature  direct_ack command.
command,pool_set_device_temperature,all_link_cleanup,Device Pool Set Device Temperature  command.,Device Pool Set Device Temperature  all_link_cleanup command.
command,pool_set_device_temperature,all_link_cleanup_ack,Device Pool Set Device Temperature  command.,Device Pool Set Device Temperature  all_link_cleanup_ack command.
command,pool_set_device_temperature,broadcast,Device Pool Set Device Temperature  command.,Device Pool Set Device Temperature  broadcast command.
command,pool_set_device_temperature,direct_nak,Device Pool Set Device Temperature  command.,Device Pool Set Device Temperature  direct_nak command.
command,pool_set_device_temperature,all_link_broadcast,Device Pool Set Device Temperature  command.,Device Pool Set Device Temperature  all_link_broadcast command.
command,pool_set_device_temperature,all_link_cleanup_nak,Device Pool Set Device Temperature  command.,Device Pool Set Device Temperature  all_link_cleanup_nak command.
command,pool_device_off,direct,Device Pool Device OFF  command.,Device Pool Device OFF  direct command.
command,pool_device_off,direct_ack,Device Pool Device OFF  command.,Device Pool Device OFF  direct_ack command.
command,pool_device_off,all_link_cleanup,Device Pool Device OFF  command.,Device Pool Device OFF  all_link_cleanup command.
command,pool_device_off,all_link_cleanup_ack,Device Pool Device OFF  command.,Device Pool Device OFF  all_link_cleanup_ack command.
command,pool_device_off,broadcast,Device Pool Device OFF  command.,Device Pool Device OFF  broadcast command.
command,pool_device_off,direct_nak,Device Pool Device OFF  command.,Device Pool Device OFF  direct_nak command.
command,pool_device_off,all_link_broadcast,Device Pool Device OFF  command.,Device Pool Device OFF  all_link_broadcast command.
command,pool_device_off,all_link_cleanup_nak,Device Pool Device OFF  command.,Device Pool Device OFF  all_link_cleanup_nak command.
command,pool_temperature_up,direct,Device Pool Temperature Up  command.,Device Pool Temperature Up  direct command.
command,pool_temperature_up,direct_ack,Device Pool Temperature Up  command.,Device Pool Temperature Up  direct_ack command.
command,pool_temperature_up,all_link_cleanup,Device Pool Temperature Up  command.,Device Pool Temperature Up  all_link_cleanup command.
command,pool_temperature_up,all_link_cleanup_ack,Device Pool Temperature Up  command.,Device Pool Temperature Up  all_link_cleanup_ack command.
command,pool_temperature_up,broadcast,Device Pool Temperature Up  command.,Device Pool Temperature Up  broadcast command.
command,pool_temperature_up,direct_nak,Device Pool Temperature Up  command.,Device Pool Temperature Up  direct_nak command.
command,pool_temperature_up,all_link_broadcast,Device Pool Temperature Up  command.,Device Pool Temperature Up  all_link_broadcast command.
command,pool_temperature_up,all_link_cleanup_nak,Device Pool Temperature Up  command.,Device Pool Temperature Up  all_link_cleanup_nak command.
command,pool_temperature_down,direct,Device Pool Temperature Down  command.,Device Pool Temperature Down  direct command.
command,pool_temperature_down,direct_ack,Device Pool Temperature Down  command.,Device Pool Temperature Down  direct_ack command.
command,pool_temperature_down,all_link_cleanup,Device Pool Temperature Down  command.,Device Pool Temperature Down  all_link_cleanup command.
command,pool_temperature_down,all_link_cleanup_ack,Device Pool Temperature Down  command.,Device Pool Temperature Down  all_link_cleanup_ack command.
command,pool_temperature_down,broadcast,Device Pool Temperature Down  command.,Device Pool Temperature Down  broadcast command.
command,pool_temperature_down,direct_nak,Device Pool Temperature Down  command.,Device Pool Temperature Down  direct_nak command.
command,pool_temperature_down,all_link_broadcast,Device Pool Temperature Down  command.,Device Pool Temperature Down  all_link_broadcast command.
command,pool_temperature_down,all_link_cleanup_nak,Device Pool Temperature Down  command.,Device Pool Temperature Down  all_link_cleanup_nak command.
command,pool_control,direct,Device Pool Control  command.,Device Pool Control  direct command.
command,pool_control,direct_ack,Device Pool Control  command.,Device Pool Control  direct_ack command.
command,pool_control,all_link_cleanup,Device Pool Control  command.,Device Pool Control  all_link_cleanup command.
command,pool_control,all_link_cleanup_ack,Device Pool Control  command.,Device Pool Control  all_link_cleanup_ack command.
command,pool_control,broadcast,Device Pool Control  command.,Device Pool Control  broadcast command.
command,pool_control,direct_nak,Device Pool Control  command.,Device Pool Control  direct_nak command.
command,pool_control,all_link_broadcast,Device Pool Control  command.,Device Pool Control  all_link_broadcast command.
command,pool_control,all_link_cleanup_nak,Device Pool Control  command.,Device Pool Control  all_link_cleanup_nak command.
command,door_move,direct,Device Door Move  command.,Device Door Move  direct command.
command,door_move,direct_ack,Device Door Move  command.,Device Door Move  direct_ack command.
command,door_move,all_link_cleanup,Device Door Move  command.,Device Door Move  all_link_cleanup command.
command,door_move,all_link_cleanup_ack,Device Door Move  command.,Device Door Move  all_link_cleanup_ack command.
command,door_move,broadcast,Device Door Move  command.,Device Door Move  broadcast command.
command,door_move,direct_nak,Device Door Move  command.,Device Door Move  direct_nak command.
command,door_move,all_link_broadcast,Device Door Move  command.,Device Door Move  all_link_broadcast command.
command,door_move,all_link_cleanup_nak,Device Door Move  command.,Device Door Move  all_link_cleanup_nak command.
command,door_status_report,direct,Device Door Status Report  command.,Device Door Status Report  direct command.
command,door_status_report,direct_ack,Device Door Status Report  command.,Device Door Status Report  direct_ack command.
command,door_status_report,all_link_cleanup,Device Door Status Report  command.,Device Door Status Report  all_link_cleanup command.
command,door_status_report,all_link_cleanup_ack,Device Door Status Report  command.,Device Door Status Report  all_link_cleanup_ack command.
command,door_status_report,broadcast,Device Door Status Report  command.,Device Door Status Report  broadcast command.
command,door_status_report,direct_nak,Device Door Status Report  command.,Device Door Status Report  direct_nak command.
command,door_status_report,all_link_broadcast,Device Door Status Report  command.,Device Door Status Report  all_link_broadcast command.
command,door_status_report,all_link_cleanup_nak,Device Door Status Report  command.,Device Door Status Report  all_link_cleanup_nak command.
command,window_covering,direct,Device Window Covering  command.,Device Window Covering  direct command.
command,window_covering,direct_ack,Device Window Covering  command.,Device Window Covering  direct_ack command.
command,window_covering,all_link_cleanup,Device Window Covering  command.,Device Window Covering  all_link_cleanup command.
command,window_covering,all_link_cleanup_ack,Device Window Covering  command.,Device Window Covering  all_link_cleanup_ack command.
command,window_covering,broadcast,Device Window Covering  command.,Device Window Covering  broadcast command.
command,window_covering,direct_nak,Device Window Covering  command.,Device Window Covering  direct_nak command.
command,window_covering,all_link_broadcast,Device Window Covering  command.,Device Window Covering  all_link_broadcast command.
command,window_covering,all_link_cleanup_nak,Device Window Covering  command.,Device Window Covering  all_link_cleanup_nak command.
command,window_covering_position,direct,Device Window Covering Position  command.,Device Window Covering Position  direct command.
command,window_covering_position,direct_ack,Device Window Covering Position  command.,Device Window Covering Position  direct_ack command.
command,window_covering_position,all_link_cleanup,Device Window Covering Position  command.,Device Window Covering Position  all_link_cleanup command.
command,window_covering_position,all_link_cleanup_ack,Device Window Covering Position  command.,Device Window Covering Position  all_link_cleanup_ack command.
command,window_covering_position,broadcast,Device Window Covering Position  command.,Device Window Covering Position  broadcast command.
command,window_covering_position,direct_nak,Device Window Covering Position  command.,Device Window Covering Position  direct_nak command.
command,window_covering_position,all_link_broadcast,Device Window Covering Position  command.,Device Window Covering Position  all_link_broadcast command.
command,window_covering_position,all_link_cleanup_nak,Device Window Covering Position  command.,Device Window Covering Position  all_link_cleanup_nak command.
command,thermostat_temperature_up,direct,Device Thermostat Temperature Up command.,Device Thermostat Temperature Up direct command.
command,thermostat_temperature_up,direct_ack,Device Thermostat Temperature Up command.,Device Thermostat Temperature Up direct_ack command.
command,thermostat_temperature_up,all_link_cleanup,Device Thermostat Temperature Up command.,Device Thermostat Temperature Up all_link_cleanup command.
command,thermostat_temperature_up,all_link_cleanup_ack,Device Thermostat Temperature Up command.,Device Thermostat Temperature Up all_link_cleanup_ack command.
command,thermostat_temperature_up,broadcast,Device Thermostat Temperature Up command.,Device Thermostat Temperature Up broadcast command.
command,thermostat_temperature_up,direct_nak,Device Thermostat Temperature Up command.,Device Thermostat Temperature Up direct_nak command.
command,thermostat_temperature_up,all_link_broadcast,Device Thermostat Temperature Up command.,Device Thermostat Temperature Up all_link_broadcast command.
command,thermostat_temperature_up,all_link_cleanup_nak,Device Thermostat Temperature Up command.,Device Thermostat Temperature Up all_link_cleanup_nak command.
command,thermostat_temperature_down,direct,Device Thermostat Temperature Down  command.,Device Thermostat Temperature Down  direct command.
command,thermostat_temperature_down,direct_ack,Device Thermostat Temperature Down  command.,Device Thermostat Temperature Down  direct_ack command.
command,thermostat_temperature_down,all_link_cleanup,Device Thermostat Temperature Down  command.,Device Thermostat Temperature Down  all_link_cleanup command.
command,thermostat_temperature_down,all_link_cleanup_ack,Device Thermostat Temperature Down  command.,Device Thermostat Temperature Down  all_link_cleanup_ack command.
command,thermostat_temperature_down,broadcast,Device Thermostat Temperature Down  command.,Device Thermostat Temperature Down  broadcast command.
command,thermostat_temperature_down,direct_nak,Device Thermostat Temperature Down  command.,Device Thermostat Temperature Down  direct_nak command.
command,thermostat_temperature_down,all_link_broadcast,Device Thermostat Temperature Down  command.,Device Thermostat Temperature Down  all_link_broadcast command.
command,thermostat_temperature_down,all_link_cleanup_nak,Device Thermostat Temperature Down  command.,Device Thermostat Temperature Down  all_link_cleanup_nak command.
command,thermostat_get_zone_information,direct,Device Thermostat Get Zone Information  command.,Device Thermostat Get Zone Information  direct command.
command,thermostat_get_zone_information,direct_ack,Device Thermostat Get Zone Information  command.,Device Thermostat Get Zone Information  direct_ack command.
command,thermostat_get_zone_information,all_link_cleanup,Device Thermostat Get Zone Information  command.,Device Thermostat Get Zone Information  all_link_cleanup command.
command,thermostat_get_zone_information,all_link_cleanup_ack,Device Thermostat Get Zone Information  command.,Device Thermostat Get Zone Information  all_link_cleanup_ack command.
command,thermostat_get_zone_information,broadcast,Device Thermostat Get Zone Information  command.,Device Thermostat Get Zone Information  broadcast command.
command,thermostat_get_zone_information,direct_nak,Device Thermostat Get Zone Information  command.,Device Thermostat Get Zone Information  direct_nak command.
command,thermostat_get_zone_information,all_link_broadcast,Device Thermostat Get Zone Information  command.,Device Thermostat Get Zone Information  all_link_broadcast command.
command,thermostat_get_zone_information,all_link_cleanup_nak,Device Thermostat Get Zone Information  command.,Device Thermostat Get Zone Information  all_link_cleanup_nak command.
command,thermostat_control,direct,Device Thermostat Control  command.,Device Thermostat Control  direct command.
command,thermostat_control,direct_ack,Device Thermostat Control  command.,Device Thermostat Control  direct_ack command.
command,thermostat_control,all_link_cleanup,Device Thermostat Control  command.,Device Thermostat Control  all_link_cleanup command.
command,thermostat_control,all_link_cleanup_ack,Device Thermostat Control  command.,Device Thermostat Control  all_link_cleanup_ack command.
command,thermostat_control,broadcast,Device Thermostat Control  command.,Device Thermostat Control  broadcast command.
command,thermostat_control,direct_nak,Device Thermostat Control  command.,Device Thermostat Control  direct_nak command.
command,thermostat_control,all_link_broadcast,Device Thermostat Control  command.,Device Thermostat Control  all_link_broadcast command.
command,thermostat_control,all_link_cleanup_nak,Device Thermostat Control  command.,Device Thermostat Control  all_link_cleanup_nak command.
command,thermostat_set_cool_setpoint,direct,Device Thermostat Set Cool Setpoint  command.,Device Thermostat Set Cool Setpoint  direct command.
command,thermostat_set_cool_setpoint,direct_ack,Device Thermostat Set Cool Setpoint  command.,Device Thermostat Set Cool Setpoint  direct_ack command.
command,thermostat_set_cool_setpoint,all_link_cleanup,Device Thermostat Set Cool Setpoint  command.,Device Thermostat Set Cool Setpoint  all_link_cleanup command.
command,thermostat_set_cool_setpoint,all_link_cleanup_ack,Device Thermostat Set Cool Setpoint  command.,Device Thermostat Set Cool Setpoint  all_link_cleanup_ack command.
command,thermostat_set_cool_setpoint,broadcast,Device Thermostat Set Cool Setpoint  command.,Device Thermostat Set Cool Setpoint  broadcast command.
command,thermostat_set_cool_setpoint,direct_nak,Device Thermostat Set Cool Setpoint  command.,Device Thermostat Set Cool Setpoint  direct_nak command.
command,thermostat_set_cool_setpoint,all_link_broadcast,Device Thermostat Set Cool Setpoint  command.,Device Thermostat Set Cool Setpoint  all_link_broadcast command.
command,thermostat_set_cool_setpoint,all_link_cleanup_nak,Device Thermostat Set Cool Setpoint  command.,Device Thermostat Set Cool Setpoint  all_link_cleanup_nak command.
command,thermostat_set_heat_setpoint,direct,Device Thermostat Set Heat Setpoint  command.,Device Thermostat Set Heat Setpoint  direct command.
command,thermostat_set_heat_setpoint,direct_ack,Device Thermostat Set Heat Setpoint  command.,Device Thermostat Set Heat Setpoint  direct_ack command.
command,thermostat_set_heat_setpoint,all_link_cleanup,Device Thermostat Set Heat Setpoint  command.,Device Thermostat Set Heat Setpoint  all_link_cleanup command.
command,thermostat_set_heat_setpoint,all_link_cleanup_ack,Device Thermostat Set Heat Setpoint  command.,Device Thermostat Set Heat Setpoint  all_link_cleanup_ack command.
command,thermostat_set_heat_setpoint,broadcast,Device Thermostat Set Heat Setpoint  command.,Device Thermostat Set Heat Setpoint  broadcast command.
command,thermostat_set_heat_setpoint,direct_nak,Device Thermostat Set Heat Setpoint  command.,Device Thermostat Set Heat Setpoint  direct_nak command.
command,thermostat_set_heat_setpoint,all_link_broadcast,Device Thermostat Set Heat Setpoint  command.,Device Thermostat Set Heat Setpoint  all_link_broadcast command.
command,thermostat_set_heat_setpoint,all_link_cleanup_nak,Device Thermostat Set Heat Setpoint  command.,Device Thermostat Set Heat Setpoint  all_link_cleanup_nak command.
command,leak_detector_announce,direct,Device Leak Detector Announce  command.,Device Leak Detector Announce  direct command.
command,leak_detector_announce,direct_ack,Device Leak Detector Announce  command.,Device Leak Detector Announce  direct_ack command.
command,leak_detector_announce,all_link_cleanup,Device Leak Detector Announce  command.,Device Leak Detector Announce  all_link_cleanup command.
command,leak_detector_announce,all_link_cleanup_ack,Device Leak Detector Announce  command.,Device Leak Detector Announce  all_link_cleanup_ack command.
command,leak_detector_announce,broadcast,Device Leak Detector Announce  command.,Device Leak Detector Announce  broadcast command.
command,leak_detector_announce,direct_nak,Device Leak Detector Announce  command.,Device Leak Detector Announce  direct_nak command.
command,leak_detector_announce,all_link_broadcast,Device Leak Detector Announce  command.,Device Leak Detector Announce  all_link_broadcast command.
command,leak_detector_announce,all_link_cleanup_nak,Device Leak Detector Announce  command.,Device Leak Detector Announce  all_link_cleanup_nak command.
command,assign_to_companion_group,direct,Device Assign to Companion Group  command.,Device Assign to Companion Group  direct command.
command,assign_to_companion_group,direct_ack,Device Assign to Companion Group  command.,Device Assign to Companion Group  direct_ack command.
command,assign_to_companion_group,all_link_cleanup,Device Assign to Companion Group  command.,Device Assign to Companion Group  all_link_cleanup command.
command,assign_to_companion_group,all_link_cleanup_ack,Device Assign to Companion Group  command.,Device Assign to Companion Group  all_link_cleanup_ack command.
command,assign_to_companion_group,broadcast,Device Assign to Companion Group  command.,Device Assign to Companion Group  broadcast command.
command,assign_to_companion_group,direct_nak,Device Assign to Companion Group  command.,Device Assign to Companion Group  direct_nak command.
command,assign_to_companion_group,all_link_broadcast,Device Assign to Companion Group  command.,Device Assign to Companion Group  all_link_broadcast command.
command,assign_to_companion_group,all_link_cleanup_nak,Device Assign to Companion Group  command.,Device Assign to Companion Group  all_link_cleanup_nak command.
